Item,Vendor,Qty,Unit Cost,Cost,Link,Image
Lambda Strain (500 ug),Thermo Fisher,2,145.65,291.30,https://www.thermofisher.com/order/catalog/product/SD0011,"=IMAGE(""https://assets.thermofisher.com/TFS-Assets/LSG/product-images/SD0011-650x600.jpg-650.jpg"")"
pUC19 (50 ug),Thermo Fisher,1,94.65,94.65,https://www.thermofisher.com/order/catalog/product/SD0061,"=IMAGE(""https://assets.thermofisher.com/TFS-Assets/LSG/product-images/SD0061-650x600.jpg-650.jpg"")"
Fisherbrand Powder Free Nitrile Gloves Small (Case of 10 PK (100u/e)),Fisher Scientific,1,215.00,215.00,https://www.fishersci.com/shop/products/powder-free-nitrile-gloves-1/191301597B,"=IMAGE(""https://assets.fishersci.com/TFS-Assets/CCG/product-images/F34280~p.eps-650.jpg"")"
Fisherbrand Powder Free Nitrile Gloves Medium (Case of 10 PK (100u/e)),Fisher Scientific,3,215.00,645.00,https://www.fishersci.com/shop/products/powder-free-nitrile-gloves-1/191301597C,"=IMAGE(""https://assets.fishersci.com/TFS-Assets/CCG/product-images/F34280~p.eps-650.jpg"")"
Fisherbrand Powder Free Nitrile Gloves Large (Case of 10 PK (100u/e)),Fisher Scientific,2,215.00,430.00,https://www.fishersci.com/shop/products/powder-free-nitrile-gloves-1/191301597D,"=IMAGE(""https://assets.fishersci.com/TFS-Assets/CCG/product-images/F34280~p.eps-650.jpg"")"
Finntip Filtered Pipette Tips 1000 uL (Case of 960),Thermo Fisher,1,196.18,196.18,https://www.thermofisher.com/order/catalog/product/94052410,"=IMAGE(""https://assets.thermofisher.com/TFS-Assets/CCG/Thermo-Scientific/product-images/19-1108398-21377604-STD-00.jpg-650.jpg"")"
Finntip Filtered Pipette Tips 200 uL (Case of 960),Thermo Fisher,1,163.49,163.49,https://www.thermofisher.com/order/catalog/product/94052300,"=IMAGE(""https://assets.thermofisher.com/TFS-Assets/CCG/Thermo-Scientific/product-images/19-1181817-21377171-STD-00.jpg-650.jpg"")"
Finntip Filtered Pipette Tips 10 uL (Case of 960),Thermo Fisher,1,230.74,230.74,https://www.thermofisher.com/order/catalog/product/94052000,"=IMAGE(""https://assets.thermofisher.com/TFS-Assets/CCG/Thermo-Scientific/product-images/19-1108399-21377354-STD-00.jpg-650.jpg"")"
Nunc Petri Dishes 100 mm (Case of 320),Thermo Fisher,2,182.70,365.40,https://www.thermofisher.com/order/catalog/product/263991,"=IMAGE(""https://assets.thermofisher.com/TFS-Assets/CCG/Thermo-Scientific/product-images/19-1084799-08757099-STD-00.jpg-650.jpg"")"
Samco 17 x 100mm Disposable Culture Tubes (Case of 1000),Thermo Fisher,1,295.00,295.00,https://www.thermofisher.com/order/catalog/product/17-010,
Eppendorf 1.5 mL / 2 mL microcentrifuge tubes (Pack of 500),Thermo Fisher,2,28.16,56.32,https://www.thermofisher.com/order/catalog/product/3448PK,"=IMAGE(""https://assets.thermofisher.com/TFS-Assets/CCG/Thermo-Scientific/product-images/20-1864929-21402902-STD-00.jpg-650.jpg"")"
50 mL culture tubes (bulk) (Case of 500),Thermo Fisher,1,0.00,0.00,https://www.thermofisher.com/order/catalog/product/339650,"=IMAGE(""https://assets.thermofisher.com/TFS-Assets/LCD/product-images/339651-15ml-conicae-b-10IN.JPG-650.jpg"")"
Fisherbrand Disposable Cuvettes (Case of 500),Fisher Scientific,2,232.00,464.00,https://www.fishersci.com/shop/products/fisherbrand-disposable-cuvettes-6/14955127,"=IMAGE(""https://assets.fishersci.com/TFS-Assets/CCG/product-images/F8103-01_p.eps-650.jpg"")"
Kimwipes Delicate Task Wipers (Pack of 286),Fisher Scientific,10,18.69,186.90,https://www.fishersci.com/shop/products/kimberly-clark-kimtech-science-kimwipes-delicate-task-wipers-7/06666,"=IMAGE(""https://assets.fishersci.com/TFS-Assets/CCG/Kimberly-Clark-Corporation/product-images/06-666.jpg-650.jpg"")"
EasyStrip Plus Tube Strip with Attached Flat Caps (250 strips),Thermo Fisher,2,395.65,791.30,https://www.thermofisher.com/order/catalog/product/AB2000,"=IMAGE(""https://assets.thermofisher.com/TFS-Assets/LSG/product-images/AB2000-650x600.jpg-650.jpg"")"
BL21(DE3) Competent Cells (1000 uL),Thermo Fisher,2,151.65,303.30,https://www.thermofisher.com/order/catalog/product/EC0114,"=IMAGE(""https://assets.thermofisher.com/TFS-Assets/BID/product-images/COL09598-650x600_EC0114-650x600.jpg-650.jpg"")"
E-Gel EX Agarose Gels 1% (20),Thermo Fisher,3,352.00,1056.00,https://www.thermofisher.com/order/catalog/product/G402021,"=IMAGE(""https://assets.thermofisher.com/TFS-Assets/BID/product-images/G402021_r99b_650x600.jpg-650.jpg"")"
E-Gel EX Agarose Gels 2% (20),Thermo Fisher,1,355.00,355.00,https://www.thermofisher.com/order/catalog/product/G402022,"=IMAGE(""https://assets.thermofisher.com/TFS-Assets/BID/product-images/G402022_r99b_650x600.jpg-650.jpg"")"
KingFisher Plastics for 24 deep-well format (Case of 50),Thermo Fisher,1,336.65,336.65,https://www.thermofisher.com/order/catalog/product/95040470,"=IMAGE(""https://assets.thermofisher.com/TFS-Assets/LED/product-images/F82037_p.eps-650.jpg"")"
Breathable Cell Nunc Seals (Case of 50),Thermo Fisher,1,138.60,138.60,https://www.thermofisher.com/order/catalog/product/241205,"=IMAGE(""https://assets.thermofisher.com/TFS-Assets/CCG/Thermo-Scientific/product-images/19-1381469-1256705-STD-00.jpg-650.jpg"")"
Nalgene General Long-Term Storage Cryogenic Tubes (Case of 500),Thermo Fisher,1,291.74,291.74,https://www.thermofisher.com/order/catalog/product/5000-0012,"=IMAGE(""https://assets.thermofisher.com/TFS-Assets/CCG/Thermo-Scientific/product-images/19-1373871-033377C-STD-00.jpg-650.jpg"")"
PCR Plate 96-well low profile skirted (25),Thermo Fisher,2,139.65,279.30,https://www.thermofisher.com/order/catalog/product/AB0800,"=IMAGE(""https://assets.thermofisher.com/TFS-Assets/CCG/Thermo-Scientific/product-images/21-2093095-AB0800-STD-00.jpg-650.jpg"")"
LB Broth Base (Lennox) (1),Thermo Fisher,2,135.65,271.30,https://www.thermofisher.com/order/catalog/product/12780052,"=IMAGE(""https://assets.thermofisher.com/TFS-Assets/LSG/product-images/12780052-650x600.jpg-650.jpg"")"
LB Agar (Lennox L Agar) powder (500 g),Thermo Fisher,2,159.65,319.30,https://www.thermofisher.com/order/catalog/product/22700025,"=IMAGE(""https://assets.thermofisher.com/TFS-Assets/BID/product-images/22700025-650x600.jpg-650.jpg"")"
UltraPure DNase/RNase-Free Distilled Water (500 mL),Thermo Fisher,8,57.25,458.00,https://www.thermofisher.com/order/catalog/product/10977015,"=IMAGE(""https://assets.thermofisher.com/TFS-Assets/LSG/product-images/10977023-UltraPure-DNase-RNase-650x600.jpg-650.jpg"")"
PBS pH 7.4 (500 mL),Thermo Fisher,3,22.60,67.80,https://www.thermofisher.com/order/catalog/product/10010023,"=IMAGE(""https://assets.thermofisher.com/TFS-Assets/LSG/product-images/10010023.jpg-650.jpg"")"
Fructose (1),Thermo Fisher,1,37.65,37.65,https://www.thermofisher.com/order/catalog/product/A17718.30,"=IMAGE(""https://assets.thermofisher.com/TFS-Assets/CCG/Chemical-Structures/chemical-structure-cas-57-48-7.jpg-650.jpg"")"
2YT (1),Thermo Fisher,1,156.65,156.65,https://www.thermofisher.com/order/catalog/product/22712020,"=IMAGE(""https://assets.thermofisher.com/TFS-Assets/LSG/product-images/22712020-2-YT-Broth-650x600.jpg-650.jpg"")"
SOC growth medium (10 x 10 mL),Thermo Fisher,2,129.86,259.72,https://www.thermofisher.com/order/catalog/product/15544034,"=IMAGE(""https://assets.thermofisher.com/TFS-Assets/LSG/product-images/15544034-650x600.jpg-650.jpg"")"
UltraPure Agarose (100 g),Thermo Fisher,1,239.65,239.65,https://www.thermofisher.com/order/catalog/product/16500100,"=IMAGE(""https://assets.thermofisher.com/TFS-Assets/LSG/product-images/16500100-650x600.jpg-650.jpg"")"
TAE Buffer (Tris-acetate-EDTA) (1 L 50X),Thermo Fisher,1,109.65,109.65,https://www.thermofisher.com/order/catalog/product/B49,"=IMAGE(""https://assets.thermofisher.com/TFS-Assets/LSG/product-images/B49_650x600_New.jpg-650.jpg"")"
SYBR Safe DNA Gel Stain (400 uL),Thermo Fisher,1,103.65,103.65,https://www.thermofisher.com/order/catalog/product/S33102,"=IMAGE(""https://assets.thermofisher.com/TFS-Assets/LSG/product-images/S33102_650x600.jpg-650.jpg"")"
1 Kb Plus DNA Ladder (250 ug),Thermo Fisher,2,210.65,421.30,https://www.thermofisher.com/order/catalog/product/10787018,"=IMAGE(""https://assets.thermofisher.com/TFS-Assets/BID/product-images/10787018_650x600.jpg-650.jpg"")"
"(R,R)-Chloramphenicol 98% (100 g)",Thermo Fisher,1,173.65,173.65,https://www.thermofisher.com/order/catalog/product/B20841.22,"=IMAGE(""https://assets.thermofisher.com/TFS-Assets/CCG/Chemical-Structures/chemical-structure-cas-56-75-7.jpg-650.jpg"")"
Ampicillin sodium salt (10 g),Thermo Fisher,1,123.00,123.00,https://www.thermofisher.com/order/catalog/product/J63807.09,"=IMAGE(""https://assets.thermofisher.com/TFS-Assets/CCG/Chemical-Structures/chemical-structure-cas-69-52-3.jpg-650.jpg"")"
Spectinomycin sulfate 93% (5 g),Thermo Fisher,1,122.65,122.65,https://www.thermofisher.com/order/catalog/product/J66034.06,"=IMAGE(""https://assets.thermofisher.com/TFS-Assets/CCG/Chemical-Structures/chemical-structure-cas-23312-56-3.jpg-650.jpg"")"
Kanamycin monosulfate Cell Culture Grade (10 g),Thermo Fisher,1,201.00,201.00,https://www.thermofisher.com/order/catalog/product/J60668.09,"=IMAGE(""https://assets.thermofisher.com/TFS-Assets/CCG/Chemical-Structures/chemical-structure-cas-25389-94-0.jpg-650.jpg"")"
Acetone ACS 99.5+% Thermo Scientific Chemicals (1),Thermo Fisher,1,33.90,33.90,https://www.thermofisher.com/order/catalog/product/L10407.AU,"=IMAGE(""https://assets.thermofisher.com/TFS-Assets/CCG/Chemical-Structures/chemical-structure-cas-67-64-1.jpg-650.jpg"")"
Volu Sol Ethanol 70% SDA (3.78 L),Fisher Scientific,2,47.40,94.80,https://www.fishersci.com/shop/products/ethanol-70-1-gallon/NC9663244,"=IMAGE(""https://assets.fishersci.com/TFS-Assets/CCG/product-images/VN00049254-VXB-128-ETHANOL70SDA-W.JPG-650.jpg"")"
MAX Efficiency DH5-alpha Competent Cells (5 x 200 uL),Thermo Fisher,2,273.65,547.30,https://www.thermofisher.com/order/catalog/product/18258012,"=IMAGE(""https://assets.thermofisher.com/TFS-Assets/LSG/product-images/18258012-650x600.jpg-650.jpg"")"
Anhydrotetracycline hydrochloride (aTc) (25 mg),Thermo Fisher,1,131.65,131.65,https://www.thermofisher.com/order/catalog/product/J66688.MB,"=IMAGE(""https://assets.thermofisher.com/TFS-Assets/CCG/Chemical-Structures/chemical-structure-cas-13803-65-1.jpg-650.jpg"")"
IPTG (isopropylthio-beta-galactoside) (1 g),Thermo Fisher,1,92.65,92.65,https://www.thermofisher.com/order/catalog/product/15529019,"=IMAGE(""https://assets.thermofisher.com/TFS-Assets/LSG/product-images/15529019-IPTG-650x600.jpg-650.jpg"")"
L(+)-Arabinose 99+% (25 g),Fisher Scientific,1,87.65,87.65,https://www.fishersci.com/shop/products/l-arabinose-99-thermo-scientific/AC104980250,"=IMAGE(""https://assets.fishersci.com/TFS-Assets/CCG/Chemical-Structures/chemical-structure-cas-87-72-9.jpg-650.jpg"")"
Zymo DNA Clean & Concentrator-5 (50 Preps) (50 preps),Fisher Scientific,2,96.49,192.98,https://www.fishersci.com/shop/products/dna-concentrator-kit/NC9122861,"=IMAGE(""https://assets.fishersci.com/TFS-Assets/CCG/product-images/VN00062073-D4013.JPG-650.jpg"")"
NEB Gibson Assembly Master Mix (50 reactions),Fisher Scientific,6,739.00,4434.00,https://www.fishersci.com/shop/products/gibson-assembly-master-mix/NC0260576,"=IMAGE(""https://assets.fishersci.com/TFS-Assets/CCG/product-images/VN00019830-E2611L.JPG-650.jpg"")"
NEB Monarch Spin Plasmid Miniprep Kit (250 preps),Fisher Scientific,2,339.00,678.00,https://www.fishersci.com/shop/products/monarch-miniprep-kit-250-preps/502722969,"=IMAGE(""https://assets.fishersci.com/TFS-Assets/CCG/product-images/502722969.jpg-650.jpg"")"
Phusion High-Fidelity PCR Master Mix with HF Buffer (500 reactions),Thermo Fisher,2,750.65,1501.30,https://www.thermofisher.com/order/catalog/product/F531L,"=IMAGE(""https://assets.thermofisher.com/TFS-Assets/LSG/product-images/F531S-650x600.jpg-650.jpg"")"
NEB rCutSmart Buffer 10X (5 mL),Fisher Scientific,2,29.00,58.00,https://www.fishersci.com/shop/products/rcutsmart-buffer-5-mls/502108568,"=IMAGE(""https://assets.fishersci.com/TFS-Assets/CCG/product-images/502108568.JPG-650.jpg"")"
Pierce Dimethylsulfoxide (DMSO) LC-MS Grade (50 mL),Thermo Fisher,1,70.65,70.65,https://www.thermofisher.com/order/catalog/product/85190,"=IMAGE(""https://assets.thermofisher.com/TFS-Assets/LSG/product-images/85190-dmso.jpg-650.jpg"")"
EcoRI (5000 units),Thermo Fisher,1,52.50,52.50,https://www.thermofisher.com/order/catalog/product/ER0271,"=IMAGE(""https://assets.thermofisher.com/TFS-Assets/BID/product-images/ER0271-650x600.jpg-650.jpg"")"
HindIII (10000 units),Thermo Fisher,1,84.65,84.65,https://www.thermofisher.com/order/catalog/product/ER0505,"=IMAGE(""https://assets.thermofisher.com/TFS-Assets/BID/product-images/ER0505-650x600.jpg-650.jpg"")"
BamHI (10000 units),Thermo Fisher,1,83.65,83.65,https://www.thermofisher.com/order/catalog/product/ER0055,
KpnI (4000 units),Thermo Fisher,1,99.65,99.65,https://www.thermofisher.com/order/catalog/product/ER0521,"=IMAGE(""https://assets.thermofisher.com/TFS-Assets/BID/product-images/ER0521-650x600.jpg-650.jpg"")"
EcoRV (2000 units),Thermo Fisher,1,57.65,57.65,https://www.thermofisher.com/order/catalog/product/ER0301,"=IMAGE(""https://assets.thermofisher.com/TFS-Assets/BID/product-images/ER0301-650x600.jpg-650.jpg"")"
SacI (1200 units),Thermo Fisher,1,63.25,63.25,https://www.thermofisher.com/order/catalog/product/ER1131,"=IMAGE(""https://assets.thermofisher.com/TFS-Assets/BID/product-images/ER1131-650x600.jpg-650.jpg"")"
SalI (2000 units),Thermo Fisher,1,101.00,101.00,https://www.thermofisher.com/order/catalog/product/ER0645,"=IMAGE(""https://assets.thermofisher.com/TFS-Assets/BID/product-images/ER0645-650x600.jpg-650.jpg"")"
NdeI (500 units),Thermo Fisher,2,45.32,90.64,https://www.thermofisher.com/order/catalog/product/ER0581,"=IMAGE(""https://assets.thermofisher.com/TFS-Assets/LSG/product-images/ER1241b-O-buffer-650x600-v2.jpg-650.jpg"")"
XhoI (2000 units),Thermo Fisher,2,41.65,83.30,https://www.thermofisher.com/order/catalog/product/ER0691,"=IMAGE(""https://assets.thermofisher.com/TFS-Assets/BID/product-images/ER0691-650x600.jpg-650.jpg"")"
DpnI (50 uL (50 Reactions)),Thermo Fisher,4,37.65,150.60,https://www.thermofisher.com/order/catalog/product/FD1703,"=IMAGE(""https://assets.thermofisher.com/TFS-Assets/BID/product-images/FD1703-650x600.jpg-650.jpg"")"
NheI (50 uL (50 Reactions)),Thermo Fisher,2,44.65,89.30,https://www.thermofisher.com/order/catalog/product/FD0973,"=IMAGE(""https://assets.thermofisher.com/TFS-Assets/BID/product-images/FD0973-650x600.jpg-650.jpg"")"
PstI (800 uL (800 reactions)),Thermo Fisher,2,60.65,121.30,https://www.thermofisher.com/order/catalog/product/FD0614,"=IMAGE(""https://assets.thermofisher.com/TFS-Assets/BID/product-images/FD0614-650x600.jpg-650.jpg"")"
BcuI (SpeI) (400 units),Thermo Fisher,2,80.65,161.30,https://www.thermofisher.com/order/catalog/product/ER1251,"=IMAGE(""https://assets.thermofisher.com/TFS-Assets/BID/product-images/ER1251-650x600.jpg-650.jpg"")"
XbaI (300 uL (300 reactions)),Thermo Fisher,2,47.65,95.30,https://www.thermofisher.com/order/catalog/product/FD0684,"=IMAGE(""https://assets.thermofisher.com/TFS-Assets/BID/product-images/FD0684-650x600.jpg-650.jpg"")"
BbsI (200 units),Thermo Fisher,2,54.65,109.30,https://www.thermofisher.com/order/catalog/product/ER1011,"=IMAGE(""https://assets.thermofisher.com/TFS-Assets/BID/product-images/ER1011-650x600.jpg-650.jpg"")"
Esp3I (BsmBI) (200 units),Thermo Fisher,2,92.65,185.30,https://www.thermofisher.com/order/catalog/product/ER0451,"=IMAGE(""https://assets.thermofisher.com/TFS-Assets/BID/product-images/ER0451-650x600.jpg-650.jpg"")"
Eco31I (BsaI) (1000 units),Thermo Fisher,2,100.65,201.30,https://www.thermofisher.com/order/catalog/product/ER0291,"=IMAGE(""https://assets.thermofisher.com/TFS-Assets/LSG/product-images/ER0771b-650x600-v2.jpg-650.jpg"")"
PaqCI (250 units),Thermo Fisher,2,94.65,189.30,https://www.thermofisher.com/order/catalog/product/ER2201,"=IMAGE(""https://assets.thermofisher.com/TFS-Assets/BID/product-images/ER2201-650x600.jpg-650.jpg"")"
NEB PvuII-HF (5000 units),Fisher Scientific,2,72.00,144.00,https://www.fishersci.com/shop/products/pvuii-hf-5-000-upvuii-hf-5-000/50995290,"=IMAGE(""https://assets.fishersci.com/TFS-Assets/CCG/product-images/VN00019830-R3151S.JPG-650.jpg"")"
Finnpipette F1 GLP Kit 4 (2-20uL 20-200uL 100-1000uL) (Pack of 3),Thermo Fisher,0,0.00,0.00,https://www.thermofisher.com/order/catalog/product/4701060N,"=IMAGE(""https://assets.thermofisher.com/TFS-Assets/CCG/Thermo-Scientific/product-images/20-1539774-05719620N-STD-00.jpg-650.jpg"")"
Finnpipette F2 Variable Volume Pipette (0.2 to 2 uL) (1),Thermo Fisher,2,376.50,753.00,https://www.thermofisher.com/order/catalog/product/4642010,"=IMAGE(""https://assets.thermofisher.com/TFS-Assets/LPD/product-images/4642010-Fp%20F2%200%202-2%20ul%20uTip.jpg-650.jpg"")"
Storage Boxes,Thermo Fisher,10,9.18,91.80,https://www.thermofisher.com/order/catalog/product/820109,"=IMAGE(""https://assets.thermofisher.com/TFS-Assets/CCG/Thermo-Scientific/product-images/21-2060045-820109-STD-00.jpg-650.jpg"")"
E-Gel Power Snap Electrophoresis Device (1),Thermo Fisher,0,0.00,0.00,https://www.thermofisher.com/order/catalog/product/G8100,"=IMAGE(""https://assets.thermofisher.com/TFS-Assets/BID/product-images/G8100_w1646177_650x600.jpg-650.jpg"")"
Invitrogen Bolt Bis-Tris Plus Mini Protein Gels 4-12% (Pack of 10),Fisher Scientific,2,169.65,339.30,https://www.fishersci.com/shop/products/bolt-4-12-bis-tris-1-0-mm-mini-protein-gel/NW04120BOX,"=IMAGE(""https://assets.fishersci.com/TFS-Assets/LSG/product-images/Bolt20gels_650x600.jpg-650.jpg"")"
Invitrogen Mini Gel Tank (1),Fisher Scientific,1,482.00,482.00,https://www.fishersci.com/shop/products/life-technologies-mini-gel-tank/A25977,"=IMAGE(""https://assets.fishersci.com/TFS-Assets/LSG/product-images/A25977-Mini-Gel-Tank-revised.png-650.jpg"")"
20X Bolt MES SDS Running Buffer (500 mL),Thermo Fisher,2,111.65,223.30,https://www.thermofisher.com/order/catalog/product/B0002,"=IMAGE(""https://assets.thermofisher.com/TFS-Assets/LSG/product-images/Bolt%20SDS%20running%20buffer_650x600%20v2.jpg-650.jpg"")"
PageRuler Prestained Protein Ladder 10 to 180 kDa (10 x 250 uL),Thermo Fisher,1,608.65,608.65,https://www.thermofisher.com/order/catalog/product/26617,"=IMAGE(""https://assets.thermofisher.com/TFS-Assets/BID/product-images/26617_g25g_650x600.jpg-650.jpg"")"
SimplyBlue SafeStain (1 L),Thermo Fisher,1,231.00,231.00,https://www.thermofisher.com/order/catalog/product/LC6060,"=IMAGE(""https://assets.thermofisher.com/TFS-Assets/LSG/product-images/LC6060_650x600.jpg-650.jpg"")"
4X Bolt LDS Sample Buffer (10 mL),Thermo Fisher,1,22.65,22.65,https://www.thermofisher.com/order/catalog/product/B0007,"=IMAGE(""https://assets.thermofisher.com/TFS-Assets/LSG/product-images/Bolt%20LDS%20sample%20buffer%2010ml.jpg-650.jpg"")"
HisPur Ni-NTA Resin (100 mL),Thermo Fisher,1,892.08,892.08,https://www.thermofisher.com/order/catalog/product/88222,"=IMAGE(""https://assets.thermofisher.com/TFS-Assets/LSG/product-images/25-12870819-88222-STD-00.jpg-650.jpg"")"
Imidazole 0.5 M buffer soln pH 7.5 (100 mL),Thermo Fisher,1,94.65,94.65,https://www.thermofisher.com/order/catalog/product/J63496.AK,"=IMAGE(""https://assets.thermofisher.com/TFS-Assets/CCG/Chemical-Structures/chemical-structure-cas-288-32-4.jpg-650.jpg"")"
Sodium phosphate 0.5 M buffer soln pH 8.0 (250 mL),Thermo Fisher,1,115.65,115.65,https://www.thermofisher.com/order/catalog/product/J60825.AK,"=IMAGE(""https://assets.thermofisher.com/TFS-Assets/CCG/logos/Thermo-Scientific-Stacked.jpg-650.jpg"")"
Sodium chloride 5 M aq. soln. RNase-free (250 mL),Thermo Fisher,1,98.00,98.00,https://www.thermofisher.com/order/catalog/product/J60434.AK,"=IMAGE(""https://assets.thermofisher.com/TFS-Assets/CCG/Chemical-Structures/chemical-structure-cas-7647-14-5.jpg-650.jpg"")"
DTT (dithiothreitol) (5 g),Thermo Fisher,1,114.65,114.65,https://www.thermofisher.com/order/catalog/product/R0861,"=IMAGE(""https://assets.thermofisher.com/TFS-Assets/LSG/product-images/R0861%20650x600.jpg-650.jpg"")"
Glycerol 99+% (500 mL),Thermo Fisher,1,39.65,39.65,https://www.thermofisher.com/order/catalog/product/A16205.AP,"=IMAGE(""https://assets.thermofisher.com/TFS-Assets/CCG/Chemical-Structures/chemical-structure-cas-56-81-5.jpg-650.jpg"")"
HisPur Ni-NTA Spin Purification Kit 1 mL (5 Column Kit),Thermo Fisher,2,378.00,756.00,https://www.thermofisher.com/order/catalog/product/88228,
Zeba Spin Desalting Columns 7K MWCO 0.5 mL (25 Columns),Thermo Fisher,1,172.65,172.65,https://www.thermofisher.com/order/catalog/product/89877,"=IMAGE(""https://assets.thermofisher.com/TFS-Assets/LSG/product-images/89877-zeba-micro-desalt-spin-column.jpg-650.jpg"")"
HisPur Ni-NTA Magnetic Beads (2 mL),Thermo Fisher,1,277.95,277.95,https://www.thermofisher.com/order/catalog/product/88831,"=IMAGE(""https://assets.thermofisher.com/TFS-Assets/LSG/product-images/88831-HisPur-Magnetic.jpg-650.jpg"")"
MagicMedia E. coli Expression Medium (F),Thermo Fisher,1,157.65,157.65,https://www.thermofisher.com/order/catalog/product/K6803,"=IMAGE(""https://assets.thermofisher.com/TFS-Assets/LSG/product-images/K6803_MagicMedia%20E.%20coli%20Expression%20Medium%201%20L.jpg-650.jpg"")"
Lysozyme (5 g),Thermo Fisher,1,198.65,198.65,https://www.thermofisher.com/order/catalog/product/89833,"=IMAGE(""https://assets.thermofisher.com/TFS-Assets/LSG/product-images/89833-lysozyme.jpg-650.jpg"")"
B-PER Complete Bacterial Protein Extraction Reagent (250 mL),Thermo Fisher,1,401.65,401.65,https://www.thermofisher.com/order/catalog/product/89821,"=IMAGE(""https://assets.thermofisher.com/TFS-Assets/CCG/product-images/89821-B-PER-Complete.jpg-650.jpg"")"
Expressway Mini Cell-Free Expression System (1 Kit (twenty 50-ul reactions)),Thermo Fisher,4,900.00,3600.00,https://www.thermofisher.com/order/catalog/product/K990100,
Invitrogen Aequorea victoria GFP His-tag Recombinant Protein (5 ug),Fisher Scientific,2,84.25,168.50,https://www.fishersci.com/shop/products/gfp-recombinant-i-aequorea-victoria-i-protein-n-his-tag-4/A42612,"=IMAGE(""https://assets.fishersci.com/TFS-Assets/LSG/product-images/Cell_Bio_Rec_Prot_Invitrogen_Vial.jpg-650.jpg"")"
dNTP Mix (10 mM each) (0.2 mL),Thermo Fisher,4,38.65,154.60,https://www.thermofisher.com/order/catalog/product/R0191,"=IMAGE(""https://assets.thermofisher.com/TFS-Assets/BID/product-images/R0191_650x600.jpg-650.jpg"")"
HEPES (1M) (20 mL),Thermo Fisher,2,26.86,53.72,https://www.thermofisher.com/order/catalog/product/15630106,"=IMAGE(""https://assets.thermofisher.com/TFS-Assets/LSG/product-images/25-12871566-15630106-STD-00.jpg-650.jpg"")"
Phosphoenolpyruvic acid monopotassium salt 99% (5 g),Thermo Fisher,1,187.65,187.65,https://www.thermofisher.com/order/catalog/product/B20358.06,"=IMAGE(""https://assets.thermofisher.com/TFS-Assets/CCG/Chemical-Structures/chemical-structure-cas-4265-07-0.jpg-650.jpg"")"
L-Glutamic acid monopotassium salt monohydrate 97+% (250 g),Thermo Fisher,1,63.65,63.65,https://www.thermofisher.com/order/catalog/product/A17232.30,"=IMAGE(""https://assets.thermofisher.com/TFS-Assets/CCG/Chemical-Structures/chemical-structure-cas-6382-01-0.jpg-650.jpg"")"
Magnesium-L-glutamate 99% (10 g),Fisher Scientific,1,101.08,101.08,https://www.fishersci.com/shop/products/magnesium-l-glutamate-99-10g,
GeneJET Gel Extraction Kit (50 Preps),Thermo Fisher,3,93.65,280.95,https://www.thermofisher.com/order/catalog/product/K0691,"=IMAGE(""https://assets.thermofisher.com/TFS-Assets/LSG/product-images/K0691-650x600.jpg-650.jpg"")"
TaqMan Fast Advanced Master Mix for qPCR (1 x 1 mL),Thermo Fisher,1,126.65,126.65,https://www.thermofisher.com/order/catalog/product/4444556,"=IMAGE(""https://assets.thermofisher.com/TFS-Assets/LSG/product-images/4444556-650x600.jpg-650.jpg"")"
Genomic DNA Purification Kit (100 Preps),Thermo Fisher,1,265.65,265.65,https://www.thermofisher.com/order/catalog/product/K0512,"=IMAGE(""https://assets.thermofisher.com/TFS-Assets/LSG/product-images/K0512%20650x600.jpg-650.jpg"")"
T4 DNA Ligase (5 U/uL) (200 units),Thermo Fisher,1,80.65,80.65,https://www.thermofisher.com/order/catalog/product/EL0014,"=IMAGE(""https://assets.thermofisher.com/TFS-Assets/LSG/product-images/EL0014-650x600-v1.jpg-650.jpg"")"
