Item,Vendor,Qty,Unit Cost,Cost,Link,Image
-80°C Ultra-Low Freezer (TSX Universal Series),Thermo Scientific,1,16000,16000,https://www.thermofisher.com/us/en/home/life-science/lab-equipment/cold-storage/ult-freezers/models/tsx-universal-series.html,"=IMAGE(""https://www.thermofisher.com/content/dam/tfsite/images/storefront/ULT/universal-3D-large.jpg"")"
Combination -20°C Freezer / +4°C Refrigerator (TSX Series),Thermo Scientific,1,8500,8500,https://www.thermofisher.com/us/en/home/life-science/lab-equipment/cold-storage/lab-refrigerators.html,"=IMAGE(""https://www.thermofisher.com/content/dam/tfsite/images/storefront/refrigerators/instruments-HD-fridge-no-es.png"")"
30°C Compact Incubator (Heratherm IMC18),Thermo Scientific,1,3500,3500,https://www.thermofisher.com/order/catalog/product/51028063,"=IMAGE(""https://assets.thermofisher.com/TFS-Assets/LED/product-images/F90253_p.eps-650.jpg"")"
Flake Ice Machine (Scotsman 80 lb/day),Scotsman via Fisher Scientific,1,3800,3800,https://www.fishersci.com/shop/products/ice-maker-machine-scotsman/09540130,"=IMAGE(""https://assets.fishersci.com/TFS-Assets/CCG/CurranTaylor-Inc/product-images/SCF%20flaker%20hi-res.jpg-650.jpg"")"
Shaking Thermomixer (ThermoMixer C),Eppendorf,1,3300,3300,https://www.eppendorf.com/us-en/Products/Temperature-Control-and-Mixing/Instruments/Eppendorf-ThermoMixerC-p-PF-19703,"=IMAGE(""https://img.youtube.com/vi/QFQUhCTsaGk/hqdefault.jpg"")"
MilliQ Water System (Milli-Q IQ 7000),Millipore Sigma via Fisher Scientific,1,22000,22000,https://www.fishersci.com/shop/products/milli-q-iq-7000-ultrapure-water-system/ZIQ7000T0,"=IMAGE(""https://assets.fishersci.com/TFS-Assets/CCG/EMD-Millipore/product-images/Milli-Q-IQ-7000.jpg-250.jpg"")"
Culture Tube Rotator / Roller Drum,Thermo Scientific,1,1200,1200,https://www.thermofisher.com/order/catalog/product/88881001,"=IMAGE(""https://assets.thermofisher.com/TFS-Assets/LED/product-images/Tube-Revolver-0564.jpg-650.jpg"")"
Vortex Mixer (Vortex-Genie 2),Scientific Industries via Fisher Scientific,1,450,450,https://www.fishersci.com/shop/products/vortex-genie-2-vortex-mixer-12/50728002,"=IMAGE(""https://assets.fishersci.com/TFS-Assets/CCG/product-images/VN00135445-SI-0236.JPG-250.jpg"")"
Mini Tabletop Centrifuge (mySPIN 6),Thermo Scientific,1,650,650,https://www.thermofisher.com/order/catalog/product/75004061,"=IMAGE(""https://assets.thermofisher.com/TFS-Assets/LSG/product-images/MySpin6-L%2075004061.tif-650.jpg"")"
Refrigerated Benchtop Microcentrifuge (Sorvall Legend Micro 21R 24x2mL 21100xg),Thermo Scientific via Fisher Scientific,1,8000,8000,https://www.fishersci.com/shop/products/thermo-scientific-sorvall-legend-micro-17-21-microcentrifuge-series-sorvall-legend-micro-21r-microcentrifuge-refrigerated-120v-60hz-includes-24-x-1-5-2-0-ml-rotor-clickseal-biocontainment-lid/75002446,"=IMAGE(""https://assets.fishersci.com/TFS-Assets/LED/product-images/F173551~p.eps-650.jpg"")"
Large Floor Centrifuge (Sorvall LYNX 4000/6000),Thermo Scientific,1,32000,32000,https://www.thermofisher.com/order/catalog/product/75008590,"=IMAGE(""https://assets.thermofisher.com/TFS-Assets/LPD/product-images/LYNX-6000-above-open-F14-50ml_4851.jpg-650.jpg"")"
UV Lamp 302 nm handheld (UVP UVM-57 — closest to 312 nm),UVP (Analytik Jena) via Fisher Scientific,1,700,700,https://www.fishersci.com/shop/products/uvp-compact-handheld-uv-lamps-10/UVP95010401,"=IMAGE(""https://assets.fishersci.com/TFS-Assets/CCG/Analytik-Jena-US/product-images/Handheld-lamp.JPG-250.jpg"")"
Compound Lab Microscope (DM750),Leica Microsystems,1,4500,4500,https://www.leica-microsystems.com/products/light-microscopes/p/leica-dm750/,"=IMAGE(""https://www.leica-microsystems.com/fileadmin/_migrated/Products/leica-dm750.jpg"")"
PCR Thermocycler (ProFlex 3x32-well),Applied Biosystems (Thermo),1,7500,7500,https://www.thermofisher.com/order/catalog/product/4484073,"=IMAGE(""https://assets.thermofisher.com/TFS-Assets/LSG/product-images/ProFlex%203x32-Well%20PCR%20System.jpg-650.jpg"")"
Gel Electrophoresis Rig (Fisherbrand Horizontal Minigel FB-SB-710),Fisherbrand,1,500,500,https://www.fishersci.com/shop/products/fisherbiotech-horizontal-electrophoresis-systems-6/FBSB710,"=IMAGE(""https://assets.fishersci.com/TFS-Assets/CCG/product-images/FB-SB-710_f.jpg-650.jpg"")"
Gel Electrophoresis Power Supply (Thermo Model 105),Thermo Scientific via Fisher Scientific,1,700,700,https://www.fishersci.com/shop/products/thermo-scientific-electrophoresis-power-supplies/fb105,"=IMAGE(""https://assets.fishersci.com/TFS-Assets/CCG/product-images/F8306-01~p.eps-650.jpg"")"
Protein Gel Electrophoresis System (XCell SureLock Mini-Cell for SDS-PAGE),Invitrogen (Thermo),1,1000,1000,https://www.thermofisher.com/order/catalog/product/EI0001,"=IMAGE(""https://assets.thermofisher.com/TFS-Assets/BID/product-images/EI0001_650x600a.jpg-650.jpg"")"
Gel Imager / UV Transilluminator (iBright FL1500),Invitrogen (Thermo),1,18000,18000,https://www.thermofisher.com/order/catalog/product/A44115,"=IMAGE(""https://assets.thermofisher.com/TFS-Assets/BID/product-images/1500_650x600.jpg-650.jpg"")"
NanoDrop Micro-Volume Spectrophotometer (NanoDrop One),Thermo Scientific,1,11000,11000,https://www.thermofisher.com/order/catalog/product/ND-ONE-W,"=IMAGE(""https://assets.thermofisher.com/TFS-Assets/CAD/product-images/NanoDrop-One-no-bkgd.jpg-650.jpg"")"
Benchtop UV-Vis Spectrophotometer (Genesys 50),Thermo Scientific via Fisher Scientific,1,5000,5000,https://www.fishersci.com/shop/products/genesys-40-50-vis-uv-vis-spectrophotometers/14385351,"=IMAGE(""https://assets.fishersci.com/TFS-Assets/MSD/product-images/GENESYS-50-square-cuvette-840-298000.jpg-650.jpg"")"
Multimode Plate Reader (Varioskan LUX; abs/fluor/lumin),Thermo Scientific via Fisher Scientific,1,22000,22000,https://www.fishersci.com/shop/products/varioskan-lux-top-f-abs-each/501903762,"=IMAGE(""https://assets.fishersci.com/TFS-Assets/CCG/product-images/501903762.jpg-650.jpg"")"
Autoclave (Tuttnauer 3870EAP benchtop 65L w/ printer),Heidolph Tuttnauer via Fisher Scientific,1,37843,37843,https://www.fishersci.com/shop/products/heidolph-tuttnauer-automated-electronic-benchtop-sterilizers-22/13876707,"=IMAGE(""https://assets.fishersci.com/TFS-Assets/CCG/product-images/F129407~p.eps-250.jpg"")"
Class II Biosafety Cabinet (1300 Series A2 3 ft.),Thermo Scientific,1,12000,12000,https://www.thermofisher.com/order/catalog/product/1322,"=IMAGE(""https://assets.thermofisher.com/TFS-Assets/CCG/product-images/LE-1321-1300A2-3ft.jpg-650.jpg"")"
Bunsen Burner (natural gas),Fisher Scientific,1,65,65,https://www.fishersci.com/shop/products/fisher-scientific-bunsen-burner-natural-gas/S95930,"=IMAGE(""https://assets.fishersci.com/TFS-Assets/CCG/product-images/AM0042_Image_01.jpg-250.jpg"")"
Magnetic Stirrer / Hotplate (Corning PC-620D 230V),Corning via Fisher Scientific,1,972,972,https://www.fishersci.com/shop/products/pyroceram-top-digital-stirring-hotplates-230v-model-pc-620d-top-plate-size-10-x-10-in-25-4-x-25-4cm-230v-50hz/07770107,"=IMAGE(""https://assets.fishersci.com/TFS-Assets/CCG/product-images/F63109~p.eps-250.jpg"")"
Water Bath (Precision GP 05),Thermo Scientific,1,1300,1300,https://www.thermofisher.com/order/catalog/product/TSGP05,"=IMAGE(""https://assets.thermofisher.com/TFS-Assets/LED/product-images/Precision-General-Purpose-Water-Bath-TSGP05.jpg-650.jpg"")"
Dry Bath / Heat Block (Isotemp Dual Block 120V),Fisherbrand,1,850,850,https://www.fishersci.com/shop/products/isotemp-dry-bath-2block-120v/88860022,"=IMAGE(""https://assets.fishersci.com/TFS-Assets/CCG/product-images/88860022_2%20BLK_front.tif-250.jpg"")"
Probe Sonicator (Branson SFX150 Cell Disruptor),Branson via Fisher Scientific,1,3800,3800,https://www.fishersci.com/shop/products/sonifier-sfx150-cell-disruptors/p-6713002,"=IMAGE(""https://assets.fishersci.com/TFS-Assets/CCG/product-images/F298690_p.eps-250.jpg"")"
Benchtop pH Meter (Orion Star A211 Basic Kit),Thermo Scientific via Fisher Scientific,1,1800,1800,https://www.fishersci.com/shop/products/star-a211-ph-meter-basic-kit/13303202,"=IMAGE(""https://assets.fishersci.com/TFS-Assets/LED/product-images/STARA2115-250px.jpg-650.jpg"")"
Analytical Balance (OHAUS Adventurer 220g x 0.1mg),OHAUS via Fisher Scientific,1,2800,2800,https://www.fishersci.com/shop/products/ohaus-adventurer-analytical-precision-balances-220g-capacity-0-1mg-readability-90mm-platform-test-weight-200g-oiml-e2-astm-class-1/s05016,"=IMAGE(""https://assets.fishersci.com/TFS-Assets/CCG/product-images/F259899_p.eps-650.jpg"")"
Vacuum Filtration Pump (Welch 31 L/min chemical duty),Welch Vacuum via Fisher Scientific,1,1100,1100,https://www.fishersci.com/shop/products/welch-vacuum-filtration-pump/12584506,"=IMAGE(""https://assets.fishersci.com/TFS-Assets/CCG/product-images/F189656~p.eps-650.jpg"")"
Microwave (GE 700W countertop),General Electric via Fisher Scientific,1,200,200,https://www.fishersci.com/shop/products/microwave-7cu-black/03391462,"=IMAGE(""https://assets.fishersci.com/TFS-Assets/CCG/product-images/F202673~p.eps-650.jpg"")"
Bench-top Orbital Shaker (MaxQ HP Tabletop — successor to MaxQ 4000),Thermo Scientific via Fisher Scientific,1,6500,6500,https://www.fishersci.com/shop/products/maxq-hp-tabletop-orbital-shaker/11676231,"=IMAGE(""https://assets.fishersci.com/TFS-Assets/LED/product-images/F309200_p.eps-650.jpg"")"
Ice Bucket (Bel-Art Magic Touch 2 2.5L),Bel-Art via Fisher Scientific,1,45,45,https://www.fishersci.com/shop/products/bel-art-scienceware-magic-touch-2-ice-buckets-14/11999054,"=IMAGE(""https://assets.fishersci.com/TFS-Assets/CCG/product-images/F159295~p.eps-250.jpg"")"
qPCR System (QuantStudio 5 96-well 0.2 mL desktop),Applied Biosystems (Thermo),1,32000,32000,https://www.thermofisher.com/order/catalog/product/A28574,"=IMAGE(""https://assets.thermofisher.com/TFS-Assets/LSG/product-images/QuantStudio-5-right-650x635.jpg-650.jpg"")"
Opentrons OT-2 Liquid Handler (base + 2 pipettes),Opentrons,1,10000,10000,https://opentrons.com/robots/ot-2,"=IMAGE(""https://opentrons.com/wp-content/uploads/2022/12/ot2-photo.jpg"")"
Opentrons Flex Liquid Handler (base configuration),Opentrons,1,26400,26400,https://opentrons.com/robots/flex,"=IMAGE(""https://opentrons.com/wp-content/uploads/2023/05/FLEXTM.png"")"
Nuclera eProtein Discovery System,Nuclera,1,175000,175000,https://www.nuclera.com/system/,"=IMAGE(""https://www.nuclera.com/wp-content/uploads/2023/04/systemheroright.png"")"
Finnpipette F1 Variable Volume Pipette (0.2-2 uL),Thermo Scientific,1,350,350,https://www.thermofisher.com/order/catalog/product/4641010N,"=IMAGE(""https://assets.thermofisher.com/TFS-Assets/LPD/product-images/4641010N-650x600.jpg-650.jpg"")"
Finnpipette F1 Variable Volume Pipette (2-20 uL),Thermo Scientific,1,340,340,https://www.thermofisher.com/order/catalog/product/4641060N,"=IMAGE(""https://assets.thermofisher.com/TFS-Assets/LPD/product-images/4641060N-650x600.jpg-650.jpg"")"
Finnpipette F1 Variable Volume Pipette (20-200 uL),Thermo Scientific,1,340,340,https://www.thermofisher.com/order/catalog/product/4641080N,"=IMAGE(""https://assets.thermofisher.com/TFS-Assets/LPD/product-images/4641080N-650x600.jpg-650.jpg"")"
Finnpipette F1 Variable Volume Pipette (100-1000 uL),Thermo Scientific,1,340,340,https://www.thermofisher.com/order/catalog/product/4641100N,"=IMAGE(""https://assets.thermofisher.com/TFS-Assets/LCD/product-images/LHC-Finnpipette%20F1%20Single%20Channel_FingerHook.jpg-650.jpg"")"
Finnpipette F1 Variable Volume Pipette (0.5-5 mL),Thermo Scientific,1,450,450,https://www.thermofisher.com/order/catalog/product/4641110N,"=IMAGE(""https://assets.thermofisher.com/TFS-Assets/LCD/product-images/LHC-Finnpipette%20F1%20Single%20Channel_Blue.jpg-650.jpg"")"
Pioreactor 40 mL Bioreactor v1.5 (needs Raspberry Pi + PSU + SD card separately),Pioreactor,1,404,404,https://pioreactor.com/products/pioreactor-40ml,"=IMAGE(""https://pioreactor.com/cdn/shop/files/20251028_112717_bc27905d-9a2a-45e0-8a22-5583ac58f197_748x1024.jpg"")"
Opentrons Temperature Module GEN2 (OT-2 + Flex),Opentrons,1,3975,3975,https://opentrons.com/products/temperature-module-gen2,
Opentrons Heater-Shaker Module (OT-2 + Flex),Opentrons,1,4150,4150,https://opentrons.com/products/heater-shaker-module,
Opentrons Thermocycler Module GEN2 (OT-2 + Flex),Opentrons,1,10230,10230,https://opentrons.com/products/thermocycler-module,
Opentrons Flex Magnetic Block,Opentrons,1,1750,1750,https://opentrons.com/products/opentrons-flex-magnetic-block,
Opentrons Flex Gripper,Opentrons,1,9750,9750,https://opentrons.com/products/opentrons-flex-gripper,
Opentrons Flex Absorbance Plate Reader Module GEN1,Opentrons,1,14850,14850,https://opentrons.com/products/opentrons-flex-absorbance-plate-reader-module-gen1,
Opentrons Flex Heater-Shaker Caddy + Calibration Adapter,Opentrons,1,1500,1500,https://opentrons.com/products/opentrons-flex-heater-shaker-gen1-caddy-and-calibration-adapter,
Opentrons Flex Thermocycler Caddy + Calibration Adapter,Opentrons,1,1750,1750,https://opentrons.com/products/opentrons-flex-thermocycler-gen-2-caddy-and-calibration-adapter,
Opentrons Flex Temperature Module Caddy + Calibration Adapter,Opentrons,1,1500,1500,https://opentrons.com/products/opentrons-flex-temperature-module-gen2-caddy-and-calibration-adapter,
Opentrons Aluminum Block - 24-well for 1.5/2.0 mL tubes (Temperature Module),Opentrons,1,495,495,https://opentrons.com/products/aluminum-block-1-5-2-0ml-tubes,
Opentrons Deep Well Plate Adapter (Heater-Shaker Module),Opentrons,1,330,330,https://opentrons.com/products/deep-well-adapter,
Opentrons PCR Plate Adapter (Heater-Shaker Module),Opentrons,1,330,330,https://opentrons.com/products/pcr-adapter,
Opentrons Flat Bottom Plate Adapter (Heater-Shaker Module),Opentrons,1,330,330,https://opentrons.com/products/96-flat-bottom-adapter,
